Province,Year,Schools,Classes,TeachStaff_Total,TeachStaff_Female,NonTeachStaff_Total,NonTeachStaff_Female,Grade_1_Enrollment_Total,Grade_1_Enrollment_Girl,Grade_1_Repeaters_Total,Grade_1_Repeaters_Girl,Grade_2_Enrollment_Total,Grade_2_Enrollment_Girl,Grade_2_Repeaters_Total,Grade_2_Repeaters_Girl,Grade_3_Enrollment_Total,Grade_3_Enrollment_Girl,Grade_3_Repeaters_Total,Grade_3_Repeaters_Girl,Grade_4_Enrollment_Total,Grade_4_Enrollment_Girl,Grade_4_Repeaters_Total,Grade_4_Repeaters_Girl,Grade_5_Enrollment_Total,Grade_5_Enrollment_Girl,Grade_5_Repeaters_Total,Grade_5_Repeaters_Girl,Grade_6_Enrollment_Total,Grade_6_Enrollment_Girl,Grade_6_Repeaters_Total,Grade_6_Repeaters_Girl,Grade_7_Enrollment_Total,Grade_7_Enrollment_Girl,Grade_7_Repeaters_Total,Grade_7_Repeaters_Girl,Grade_8_Enrollment_Total,Grade_8_Enrollment_Girl,Grade_8_Repeaters_Total,Grade_8_Repeaters_Girl,Grade_9_Enrollment_Total,Grade_9_Enrollment_Girl,Grade_9_Repeaters_Total,Grade_9_Repeaters_Girl,Grade_10_Enrollment_Total,Grade_10_Enrollment_Girl,Grade_10_Repeaters_Total,Grade_10_Repeaters_Girl,Grade_11_Enrollment_Total,Grade_11_Enrollment_Girl,Grade_11_Repeaters_Total,Grade_11_Repeaters_Girl,Grade_12_Enrollment_Total,Grade_12_Enrollment_Girl,Grade_12_Repeaters_Total,Grade_12_Repeaters_Girl,Total_Enrollment_Total,Total_Enrollment_Girl,Total_Repeaters_Total,Total_Repeaters_Girl,T_Primary,T_LSec,T_USec,T_Graduate,T_PostGrad,T_PhD
Banteay Meanchey,2018,121,894,1053,580,252,113,3270,1518,157,64,2972,1444,85,24,2594,1200,63,18,2166,1044,14,5,1829,901,16,6,1501,772,12,4,1229,602,12,4,904,421,9,3,784,398,16,4,515,276,0,0,427,215,1,0,358,167,7,1,21942,10611,392,133,0,38,430,554,31,0
Battambang,2018,45,406,779,488,165,82,1028,487,3,0,828,386,8,0,689,352,10,4,620,310,5,1,608,312,7,0,575,292,4,2,545,277,14,2,547,250,9,1,569,286,14,2,540,285,5,3,529,284,2,1,453,245,17,7,8804,4371,98,23,12,31,228,467,40,1
Kampong Cham,2018,25,158,214,130,34,14,545,278,32,10,528,253,27,13,455,215,17,6,337,145,8,3,381,177,0,0,286,145,4,4,159,72,2,1,142,66,2,0,106,54,0,0,89,48,1,0,71,33,0,0,58,28,0,0,4010,1969,93,37,5,23,74,103,9,0
Kampong Chhnang,2018,25,190,356,242,87,46,499,261,3,1,426,191,3,1,246,121,0,0,278,124,0,0,254,119,0,0,202,89,0,0,211,80,5,1,182,68,0,0,215,82,1,0,119,36,2,0,165,75,0,0,176,73,1,1,4505,2055,15,4,0,17,195,140,3,1
Kampong Speu,2018,50,328,444,279,109,41,1091,552,29,12,825,412,21,7,741,376,12,5,626,312,5,3,502,261,9,4,491,276,18,13,288,133,4,1,246,118,2,2,206,121,1,0,105,55,0,0,58,30,0,0,38,19,0,0,8134,4179,101,47,4,20,130,271,19,0
Kampong Thom,2018,15,58,110,71,34,18,233,91,1,0,191,84,1,0,208,106,0,0,147,68,0,0,151,63,0,0,119,55,0,0,71,26,0,0,83,41,0,0,56,22,3,1,55,25,0,0,29,19,0,0,14,6,0,0,1699,754,5,1,2,2,31,70,5,0
Kampot,2018,48,296,543,304,61,32,2074,1079,48,30,1230,632,27,13,877,491,30,18,797,418,10,5,697,369,8,3,559,296,4,0,565,307,7,5,388,219,0,0,384,201,1,0,369,184,0,0,304,153,0,0,346,174,23,11,9588,5022,158,85,12,104,147,259,21,0
Kandal,2018,63,419,694,395,284,146,1586,815,103,39,1172,580,93,32,892,437,51,18,788,375,35,12,688,338,15,4,557,289,19,4,757,294,6,2,620,243,5,4,526,225,3,1,407,182,3,2,380,173,3,0,350,167,10,7,10697,5119,346,125,22,47,201,389,30,5
Kep,2018,4,18,24,14,5,4,289,143,0,0,102,56,0,0,90,55,0,0,104,64,0,0,82,46,0,0,48,21,0,0,0,0,0,0,0,0,0,0,0,0,0,0,0,0,0,0,0,0,0,0,0,0,0,0,836,446,0,0,11,0,7,6,0,0
Koh Kong,2018,18,110,188,99,24,11,732,364,12,2,577,294,20,6,395,201,1,0,373,196,3,0,282,137,3,3,235,145,0,0,137,57,0,0,117,56,1,0,78,34,0,0,17,7,0,0,0,0,0,0,0,0,0,0,3259,1674,40,11,0,29,137,21,1,0
Kratie,2018,8,44,14,13,15,4,764,463,11,9,276,174,0,0,156,91,2,1,80,46,0,0,43,20,0,0,18,6,0,0,0,0,0,0,0,0,0,0,0,0,0,0,0,0,0,0,0,0,0,0,0,0,0,0,1499,880,13,10,0,1,4,8,1,0
Mondul Kiri,2018,5,17,20,17,16,12,66,19,0,0,43,15,0,0,29,9,0,0,30,13,0,0,23,13,0,0,14,6,0,0,0,0,0,0,0,0,0,0,0,0,0,0,0,0,0,0,0,0,0,0,0,0,0,0,345,140,0,0,0,6,7,6,1,0
Otdar Meanchey,2018,6,45,35,25,5,3,314,130,8,4,248,120,4,1,170,70,6,3,197,100,0,0,165,77,0,0,107,51,0,0,0,0,0,0,0,0,0,0,0,0,0,0,0,0,0,0,0,0,0,0,0,0,0,0,1473,662,18,8,1,4,28,2,0,0
Pailin,2018,18,105,151,113,45,16,425,195,14,5,313,158,6,1,262,127,1,0,191,98,1,0,188,101,5,1,148,84,0,0,0,0,0,0,0,0,0,0,0,0,0,0,0,0,0,0,0,0,0,0,0,0,0,0,2245,1098,27,7,0,11,50,88,2,0
Phnom Penh,2018,530,4385,6488,3910,3562,2108,12845,6420,245,111,10761,5286,173,75,9169,4537,159,71,9234,4680,105,41,8458,4265,209,93,7104,3663,65,33,4974,2481,45,14,4495,2290,29,9,4354,2214,70,16,3716,1794,6,1,3274,1695,5,1,3087,1613,109,42,101287,50777,1220,507,102,380,1485,4146,367,8
Preah Sihanouk,2018,45,358,521,274,136,87,992,482,66,27,902,442,30,12,642,291,19,4,625,292,5,2,583,299,9,5,479,223,5,0,506,231,22,2,420,219,7,4,405,193,12,6,317,145,0,0,262,121,0,0,263,118,5,2,8938,4327,180,64,4,15,166,320,16,0
Preah Vihear,2018,4,18,19,16,1,1,63,23,0,0,30,14,0,0,31,10,3,0,24,12,0,0,22,10,0,0,16,7,0,0,0,0,0,0,0,0,0,0,0,0,0,0,0,0,0,0,0,0,0,0,0,0,0,0,265,123,3,0,1,0,15,3,0,0
Prey Veng,2018,7,16,42,25,14,8,23,14,0,0,16,9,0,0,14,8,0,0,17,10,0,0,0,0,0,0,8,6,0,0,0,0,0,0,0,0,0,0,0,0,0,0,45,31,0,0,45,22,0,0,43,25,0,0,349,206,0,0,0,7,6,26,3,0
Pursat,2018,8,58,69,68,17,11,436,240,0,0,113,70,0,0,125,55,0,0,114,67,0,0,92,52,0,0,151,75,0,0,0,0,0,0,0,0,0,0,0,0,0,0,0,0,0,0,0,0,0,0,0,0,0,0,2050,1064,0,0,0,0,22,46,1,0
Ratanak Kiri,2018,14,134,175,109,46,25,438,198,14,5,386,175,2,1,287,146,11,6,278,132,5,2,198,95,3,1,146,68,0,0,125,50,0,0,96,39,0,0,101,39,0,0,49,21,0,0,50,29,0,0,50,24,4,3,3473,1431,39,18,0,3,83,89,0,0
Siemreap,2018,102,651,1037,699,267,181,1595,747,38,15,1139,546,13,5,907,433,6,1,953,473,7,4,836,390,9,3,767,365,5,2,583,287,8,3,534,262,6,4,440,214,5,1,369,159,2,0,299,166,0,0,252,130,7,7,15204,7437,106,45,5,53,322,583,74,0
Stung Treng,2018,4,15,17,10,2,2,47,22,6,3,36,14,3,2,27,5,1,0,18,9,0,0,13,6,0,0,13,6,0,0,5,1,0,0,2,1,0,0,1,1,0,0,6,4,0,0,2,1,0,0,5,2,0,0,283,132,10,5,0,3,10,4,0,0
Svay Rieng,2018,6,16,30,28,4,1,72,34,0,0,45,21,0,0,21,11,0,0,19,7,0,0,20,9,0,0,21,13,0,0,0,0,0,0,0,0,0,0,0,0,0,0,0,0,0,0,0,0,0,0,0,0,0,0,304,141,0,0,0,3,6,21,0,0
Takeo,2018,24,119,241,99,81,44,477,238,8,1,356,172,2,1,286,141,1,0,230,101,0,0,174,69,1,0,117,46,2,0,144,58,5,3,132,50,1,0,104,47,0,0,73,28,1,0,101,58,2,1,73,46,0,0,2860,1336,23,6,2,13,78,116,32,0
Tbaung Khmum,2018,27,132,232,135,52,24,454,235,24,9,355,179,12,5,291,151,14,4,356,205,17,12,243,150,8,6,238,143,6,3,447,324,0,0,281,232,1,0,187,153,2,2,125,98,0,0,116,95,0,0,108,72,15,6,4308,2626,99,47,3,5,79,139,6,0
Banteay Meanchey,2019,133,947,1204,659,232,117,3044,1434,147,45,2954,1367,53,14,2543,1288,48,23,2149,1045,28,16,1910,941,16,6,1659,826,6,2,1358,756,1,0,1169,572,3,0,871,401,12,3,667,332,3,1,558,288,0,0,417,205,6,3,23316,11458,323,113,1,40,512,632,19,0
Battambang,2019,52,407,785,458,255,147,925,434,43,16,752,360,15,4,676,309,4,2,553,246,4,0,534,260,2,0,526,250,6,1,500,248,10,4,499,258,8,2,489,235,16,9,504,261,5,1,469,253,3,1,495,251,25,6,8992,4373,141,46,18,34,174,500,59,0
Kampong Cham,2019,29,208,275,158,56,23,504,251,23,12,509,234,17,5,412,165,9,0,358,170,2,1,408,191,0,0,407,204,5,2,203,102,7,3,155,74,2,0,133,75,0,0,102,46,0,0,59,32,0,0,58,27,0,0,4770,2357,65,23,3,9,88,174,1,0
Kampong Chhnang,2019,25,181,324,209,76,42,514,240,11,5,423,231,8,3,381,173,2,0,239,117,0,0,248,111,1,0,236,97,0,0,225,92,1,0,171,68,0,0,151,57,2,2,131,44,2,0,96,31,0,0,117,51,3,1,4256,1940,30,11,0,11,142,156,15,0
Kampong Speu,2019,64,361,596,348,155,55,1376,703,51,17,935,469,35,11,683,326,20,4,530,259,13,2,588,308,15,5,402,210,6,3,289,176,8,3,234,115,2,1,166,83,0,0,74,45,1,0,84,49,0,0,42,26,0,0,8260,4272,151,46,3,9,186,362,36,0
Kampong Thom,2019,34,133,190,88,36,20,432,208,32,17,306,139,52,26,261,129,44,22,199,83,23,15,246,138,37,19,231,135,21,15,106,41,4,0,67,32,0,0,66,30,3,0,37,14,0,0,40,21,0,0,29,16,0,0,2658,1298,216,114,44,5,35,98,8,0
Kampot,2019,47,304,499,261,66,34,1908,968,37,19,1723,873,24,12,1111,608,19,8,747,418,17,11,730,358,12,3,599,337,2,1,632,330,20,12,523,270,5,1,454,250,3,0,401,205,0,0,410,210,0,0,414,197,18,7,10904,5610,157,74,19,120,145,201,14,0
Kandal,2019,68,540,685,391,227,129,1345,742,59,27,1204,641,60,22,984,517,37,16,700,359,19,9,703,348,11,3,657,350,6,1,718,440,14,10,542,305,17,14,471,229,3,3,460,255,8,6,357,185,3,1,330,177,5,1,11402,6079,242,113,36,40,210,362,37,0
Kep,2019,4,19,26,17,4,4,278,150,0,0,220,124,0,0,89,58,0,0,81,48,0,0,71,43,0,0,42,23,0,0,0,0,0,0,0,0,0,0,0,0,0,0,0,0,0,0,0,0,0,0,0,0,0,0,946,545,0,0,4,5,3,13,1,0
Koh Kong,2019,29,159,190,118,23,12,698,344,31,12,630,315,18,11,380,205,12,6,357,177,15,6,267,134,3,0,231,106,0,0,161,103,0,0,121,50,0,0,92,46,7,2,20,8,0,0,0,0,0,0,0,0,0,0,4133,2101,86,37,23,19,109,36,3,0
Kratie,2019,8,34,76,43,35,20,172,103,10,6,136,96,5,2,44,23,0,0,32,23,0,0,9,5,0,0,4,3,0,0,19,11,0,0,24,7,1,0,23,13,2,2,21,11,0,0,15,10,0,0,9,3,1,0,706,395,19,10,3,3,12,51,7,0
Mondul Kiri,2019,8,20,40,30,16,14,65,27,0,0,48,28,0,0,36,10,0,0,26,9,0,0,25,10,0,0,19,11,0,0,10,5,0,0,0,0,0,0,0,0,0,0,0,0,0,0,0,0,0,0,0,0,0,0,406,190,0,0,0,5,11,23,1,0
Otdar Meanchey,2019,6,51,29,20,5,2,275,126,29,11,261,102,13,1,149,80,2,1,128,52,4,3,116,57,0,0,114,56,0,0,0,0,0,0,0,0,0,0,0,0,0,0,0,0,0,0,0,0,0,0,0,0,0,0,1361,625,48,16,0,2,26,1,0,0
Pailin,2019,20,116,103,89,19,9,497,233,0,0,394,201,2,1,322,169,0,0,203,96,0,0,163,78,0,0,147,72,1,0,0,0,0,0,0,0,0,0,0,0,0,0,0,0,0,0,0,0,0,0,0,0,0,0,2400,1156,3,1,0,5,49,49,0,0
Phnom Penh,2019,638,5947,8425,4892,5196,3116,15153,7301,398,150,15604,7678,357,184,12487,6286,227,122,10495,5125,227,102,10337,5178,246,105,9966,4928,182,90,8173,4108,44,16,6480,3251,26,11,6159,3160,100,41,5799,2951,5,1,4799,2498,9,0,4086,2119,33,14,133809,66571,1854,836,68,368,1774,5693,510,12
Preah Sihanouk,2019,48,343,518,275,137,90,921,413,87,35,875,411,29,19,680,332,12,8,508,223,8,1,501,249,11,2,479,238,1,1,455,208,12,3,406,189,12,0,350,179,7,4,323,157,0,0,258,111,0,0,224,106,1,0,7962,3709,180,73,8,57,193,239,14,7
Preah Vihear,2019,4,19,21,15,5,3,37,19,1,1,35,15,2,0,22,12,0,0,27,8,1,0,17,8,0,0,19,8,0,0,0,0,0,0,0,0,0,0,0,0,0,0,0,0,0,0,0,0,0,0,0,0,0,0,217,105,4,1,0,0,9,12,0,0
Prey Veng,2019,7,26,45,29,11,6,90,31,2,1,85,33,0,0,55,21,0,0,13,7,0,0,0,0,0,0,0,0,0,0,0,0,0,0,0,0,0,0,0,0,0,0,42,23,0,0,45,31,0,0,45,22,0,0,552,239,2,1,1,2,3,34,5,0
Pursat,2019,11,46,77,65,34,26,326,159,0,0,169,86,0,0,95,52,0,0,40,23,0,0,63,29,0,0,20,15,0,0,0,0,0,0,0,0,0,0,0,0,0,0,0,0,0,0,0,0,0,0,0,0,0,0,1406,685,0,0,12,1,21,41,2,0
Ratanak Kiri,2019,13,132,290,162,179,100,264,149,10,3,349,172,3,1,269,129,0,0,218,109,0,0,203,88,0,0,195,87,0,0,123,56,0,0,94,40,0,0,102,39,4,3,68,27,0,0,40,23,0,0,53,21,0,0,2971,1407,17,7,0,3,143,141,3,0
Siemreap,2019,83,581,921,611,280,186,1215,592,40,11,1099,537,14,5,809,426,9,4,674,341,6,1,549,269,1,0,517,270,2,0,512,258,4,1,394,187,3,0,327,180,2,0,252,114,0,0,271,100,1,0,162,83,0,0,12504,6318,82,22,4,12,247,632,24,2
Stung Treng,2019,11,51,70,43,11,7,63,26,17,8,80,36,3,0,52,24,1,0,39,10,3,0,52,28,1,0,34,21,2,0,29,13,0,0,25,13,0,0,19,14,0,0,0,0,0,0,0,0,0,0,4,2,0,0,863,432,27,8,0,3,31,35,0,1
Svay Rieng,2019,13,41,66,54,48,33,179,98,13,3,88,44,2,0,86,47,0,0,75,46,0,0,27,12,0,0,18,8,0,0,0,0,0,0,0,0,0,0,0,0,0,0,0,0,0,0,0,0,0,0,0,0,0,0,448,207,15,3,4,5,40,17,0,0
Takeo,2019,40,174,346,152,122,62,268,121,5,2,264,129,3,2,181,115,5,1,159,73,2,0,143,59,0,0,90,30,0,0,292,148,2,0,222,99,2,1,188,82,0,0,220,105,3,1,197,78,0,0,153,83,2,0,3557,1687,24,7,7,16,94,205,24,0
Tbaung Khmum,2019,31,160,268,174,48,23,476,235,29,12,365,181,24,13,315,167,22,12,264,138,15,7,382,163,8,5,264,159,5,2,442,320,1,1,380,292,1,1,273,236,8,8,213,162,0,0,92,76,0,0,79,64,0,0,4365,2584,113,61,4,14,75,168,6,1
Banteay Meanchey,2020,140,908,1261,714,246,131,2797,1306,113,41,2067,1003,44,18,1808,850,19,8,1834,897,15,6,1644,855,10,2,1519,762,3,0,1397,707,15,6,1297,651,9,3,1216,644,7,2,835,450,3,3,678,327,4,3,566,272,34,15,20437,10067,276,107,18,72,535,559,73,4
Battambang,2020,61,484,939,569,351,216,960,442,48,27,756,328,10,4,655,313,3,2,648,301,6,3,532,243,4,0,479,242,1,0,627,310,5,2,612,321,7,2,636,331,12,5,601,333,2,1,585,308,0,0,577,318,15,10,9270,4563,113,56,17,66,244,512,100,0
Kampong Cham,2020,36,246,284,176,71,33,493,248,11,6,363,181,11,1,382,192,15,3,405,213,0,0,330,173,10,5,291,168,0,0,232,128,2,0,244,120,0,0,266,138,0,0,163,77,0,0,104,42,0,0,104,50,0,0,4195,2144,49,15,16,11,117,138,2,0
Kampong Chhnang,2020,28,175,328,205,87,60,441,192,4,3,349,151,3,1,331,158,1,0,299,135,0,0,305,151,0,0,195,88,0,0,241,88,1,0,208,77,0,0,207,87,0,0,137,46,0,0,127,42,0,0,92,31,0,0,3706,1640,9,4,7,17,142,158,4,0
Kampong Speu,2020,64,460,591,378,133,59,1287,614,52,18,1033,512,38,10,801,376,18,4,620,303,9,3,466,217,13,3,338,173,0,0,329,146,0,0,198,97,0,0,182,104,0,0,91,44,0,0,74,33,0,0,74,43,6,3,7781,3746,136,41,57,18,191,298,26,1
Kampong Thom,2020,55,204,309,174,74,39,899,431,35,13,647,308,41,20,425,204,30,16,385,167,15,7,283,144,17,11,299,156,18,10,219,115,0,0,203,111,0,0,135,63,3,0,91,43,0,0,88,38,0,0,49,25,1,1,4551,2205,160,78,58,23,83,135,10,0
Kampot,2020,42,327,568,292,94,59,1365,723,21,10,1077,580,18,7,1025,549,8,7,719,382,3,2,492,274,1,1,442,229,5,5,597,300,12,11,449,221,3,1,502,250,3,2,392,201,1,1,375,215,0,0,379,195,0,0,8698,4592,75,47,41,69,144,283,31,0
Kandal,2020,88,620,753,455,326,168,1844,929,73,32,1462,735,26,12,1338,676,37,14,1149,601,20,8,906,446,28,12,763,426,22,7,879,367,4,2,805,388,2,1,772,379,2,0,648,316,1,1,512,221,2,0,494,241,5,1,14542,7164,222,90,40,52,255,368,37,1
Kep,2020,3,18,25,19,4,3,214,116,0,0,135,82,0,0,83,49,0,0,32,17,0,0,19,12,0,0,16,6,0,0,0,0,0,0,0,0,0,0,0,0,0,0,0,0,0,0,0,0,0,0,0,0,0,0,536,300,0,0,14,1,0,10,0,0
Koh Kong,2020,18,91,119,78,25,7,430,218,2,1,283,157,3,1,305,145,2,1,234,121,2,1,193,106,1,0,166,87,0,0,46,28,0,0,52,18,0,0,61,35,0,0,0,0,0,0,0,0,0,0,0,0,0,0,2307,1189,10,4,8,13,65,32,1,0
Kratie,2020,9,61,87,68,74,47,523,319,0,0,168,97,2,0,104,63,0,0,43,16,0,0,39,18,1,0,15,5,0,0,21,12,0,0,13,6,0,0,24,11,0,0,14,4,0,0,20,13,0,0,25,14,1,1,1192,662,4,1,21,6,16,34,10,0
Mondul Kiri,2020,9,34,60,34,30,12,94,44,3,2,59,27,1,1,56,20,1,0,39,20,0,0,32,14,1,0,23,11,0,0,35,12,2,1,37,14,0,0,29,12,0,0,18,10,0,0,15,5,0,0,13,7,0,0,550,251,8,4,0,3,28,28,1,0
Otdar Meanchey,2020,12,75,81,55,10,4,445,211,16,7,334,156,14,3,262,111,4,2,298,125,0,0,202,102,0,0,157,70,0,0,0,0,0,0,0,0,0,0,0,0,0,0,0,0,0,0,0,0,0,0,0,0,0,0,2008,930,34,12,1,8,63,7,2,0
Pailin,2020,17,96,79,66,24,12,340,167,10,4,264,127,3,1,229,105,2,1,148,69,0,0,134,67,2,1,124,73,0,0,0,0,0,0,0,0,0,0,0,0,0,0,0,0,0,0,0,0,0,0,0,0,0,0,1721,835,17,7,0,6,51,22,0,0
Phnom Penh,2020,776,6072,6847,4067,4358,2731,14064,6772,303,152,11589,5851,181,101,10893,5401,236,114,10790,5318,127,64,9139,4563,110,53,7473,3832,54,51,7696,3857,53,32,7213,3686,43,15,6721,3614,48,17,5461,2750,14,5,5026,2623,11,4,4482,2366,7,0,117304,59085,1187,608,212,340,1155,4475,583,82
Preah Sihanouk,2020,61,506,533,294,109,59,1346,654,112,53,1034,507,36,14,795,373,13,2,644,345,11,4,590,276,2,0,453,226,5,2,418,189,0,0,383,187,0,0,372,174,4,1,311,145,0,0,256,115,0,0,266,128,1,0,8573,4126,184,76,12,44,168,288,21,0
Preah Vihear,2020,4,13,14,11,10,8,63,26,3,1,18,14,0,0,11,5,1,0,14,8,0,0,13,5,0,0,7,1,0,0,0,0,0,0,0,0,0,0,0,0,0,0,0,0,0,0,0,0,0,0,0,0,0,0,180,83,4,1,0,3,11,0,0,0
Prey Veng,2020,5,14,33,19,5,3,14,7,0,0,0,0,0,0,12,4,0,0,7,5,0,0,2,1,0,0,2,2,0,0,0,0,0,0,0,0,0,0,0,0,0,0,45,29,0,0,45,26,0,0,45,31,0,0,247,145,0,0,0,1,9,20,3,0
Pursat,2020,6,33,45,39,22,14,61,35,0,0,34,19,0,0,16,8,0,0,8,4,0,0,3,1,0,0,8,2,0,0,0,0,0,0,0,0,0,0,0,0,0,0,0,0,0,0,0,0,0,0,0,0,0,0,710,366,0,0,0,0,26,17,2,0
Ratanak Kiri,2020,12,122,151,85,33,21,343,140,0,0,212,88,0,0,135,77,0,0,168,83,0,0,160,89,0,0,117,61,0,0,125,51,0,0,102,48,1,0,86,40,0,0,76,29,0,0,75,31,0,0,73,36,0,0,2197,1041,1,0,0,17,58,75,1,0
Siemreap,2020,123,823,1397,915,546,347,1499,772,72,37,1060,519,24,8,1033,467,20,7,1085,516,4,1,851,425,19,12,706,346,7,2,827,416,6,0,843,417,3,2,833,407,3,3,666,326,2,1,593,307,1,0,518,255,5,4,18412,6934,166,77,33,68,464,766,63,3
Stung Treng,2020,10,49,43,32,14,10,122,64,0,0,68,30,0,0,48,25,0,0,35,21,0,0,36,22,0,0,35,13,0,0,37,19,0,0,18,6,0,0,18,11,0,0,15,10,0,0,7,6,0,0,0,0,0,0,671,347,0,0,3,10,24,6,0,0
Svay Rieng,2020,8,26,44,38,19,14,71,27,0,0,43,24,2,1,36,15,0,0,21,8,0,0,20,4,0,0,23,10,0,0,0,0,0,0,0,0,0,0,0,0,0,0,0,0,0,0,0,0,0,0,0,0,0,0,373,166,2,1,2,2,20,20,0,0
Takeo,2020,52,274,468,241,181,91,826,384,3,1,658,328,12,6,427,199,3,3,483,242,4,2,425,233,4,2,368,192,4,0,224,118,4,0,224,119,0,0,210,103,2,0,218,99,0,0,185,86,2,1,167,88,4,2,5697,2797,42,17,21,39,204,177,25,2
Tbaung Khmum,2020,27,164,243,155,34,19,400,208,14,5,349,180,17,10,324,153,23,8,263,140,19,13,226,119,10,8,203,120,10,9,729,399,23,17,574,330,13,11,475,232,3,3,293,234,1,1,179,147,0,0,134,94,0,0,4692,2671,133,85,1,3,96,140,3,0
